file,t_start,t_end,t_mid,total_0p5_10,soft_0p5_2,hard_7_15,SAT_LAT,SAT_LON,BORE_LAT,BORE_LON,SAT_ALT,SOLARANG,PHASEANG,TEMP,EXPOSURE
ch2_cla_l1_20200529T103956257_20200529T104004257.fits,2020-05-29 10:39:56+00:00,2020-05-29 10:40:04+00:00,2020-05-29 10:40:00.257000+00:00,542.0,234.0,382.0,-20.5545,120.579,-20.5521,120.579,106.893,32.8258,32.8258,-39.3,8.0
ch2_cla_l1_20200529T104004257_20200529T104012257.fits,2020-05-29 10:40:04+00:00,2020-05-29 10:40:12+00:00,2020-05-29 10:40:08.257000+00:00,597.0,260.0,492.0,-20.9593,120.585,-20.9569,120.585,106.933,33.0596,33.0596,-39.2,8.0
ch2_cla_l1_20200529T104012257_20200529T104020257.fits,2020-05-29 10:40:12+00:00,2020-05-29 10:40:20+00:00,2020-05-29 10:40:16.257000+00:00,544.0,241.0,406.0,-21.3642,120.59,-21.3618,120.59,106.973,33.2963,33.2963,-39.2,8.0
ch2_cla_l1_20200529T104020257_20200529T104028257.fits,2020-05-29 10:40:20+00:00,2020-05-29 10:40:28+00:00,2020-05-29 10:40:24.257000+00:00,540.0,238.0,381.0,-21.769,120.596,-21.7666,120.596,107.013,33.5358,33.5358,-39.1,8.0
ch2_cla_l1_20200529T104028257_20200529T104036257.fits,2020-05-29 10:40:28+00:00,2020-05-29 10:40:36+00:00,2020-05-29 10:40:32.257000+00:00,590.0,253.0,439.0,-22.1737,120.602,-22.1714,120.602,107.052,33.7781,33.7781,-39.1,8.0
ch2_cla_l1_20200529T104036257_20200529T104044257.fits,2020-05-29 10:40:36+00:00,2020-05-29 10:40:44+00:00,2020-05-29 10:40:40.257000+00:00,574.0,262.0,440.0,-22.5785,120.607,-22.5761,120.607,107.092,34.0232,34.0232,-39.0,8.0
ch2_cla_l1_20200529T104044257_20200529T104052257.fits,2020-05-29 10:40:44+00:00,2020-05-29 10:40:52+00:00,2020-05-29 10:40:48.257000+00:00,589.0,249.0,456.0,-22.9833,120.613,-22.9809,120.613,107.131,34.2709,34.2709,-38.9,8.0
ch2_cla_l1_20200529T104052257_20200529T104100257.fits,2020-05-29 10:40:52+00:00,2020-05-29 10:41:00+00:00,2020-05-29 10:40:56.257000+00:00,548.0,228.0,425.0,-23.388,120.619,-23.3857,120.619,107.171,34.5211,34.5211,-38.9,8.0
ch2_cla_l1_20200529T104100257_20200529T104108257.fits,2020-05-29 10:41:00+00:00,2020-05-29 10:41:08+00:00,2020-05-29 10:41:04.257000+00:00,579.0,246.0,431.0,-23.7927,120.625,-23.7904,120.625,107.21,34.774,34.774,-38.8,8.0
ch2_cla_l1_20200529T104108257_20200529T104116257.fits,2020-05-29 10:41:08+00:00,2020-05-29 10:41:16+00:00,2020-05-29 10:41:12.257000+00:00,636.0,284.0,449.0,-24.1974,120.631,-24.1949,120.631,107.248,35.0293,35.0293,-38.8,8.0
ch2_cla_l1_20200529T104116257_20200529T104124257.fits,2020-05-29 10:41:16+00:00,2020-05-29 10:41:24+00:00,2020-05-29 10:41:20.257000+00:00,483.0,237.0,366.0,-24.6021,120.637,-24.5996,120.637,107.287,35.287,35.287,-38.7,8.0
ch2_cla_l1_20200529T104124257_20200529T104132257.fits,2020-05-29 10:41:24+00:00,2020-05-29 10:41:32+00:00,2020-05-29 10:41:28.257000+00:00,708.0,295.0,530.0,-25.0068,120.643,-25.0043,120.643,107.326,35.5471,35.5471,-38.6,8.0
ch2_cla_l1_20200529T104132257_20200529T104140257.fits,2020-05-29 10:41:32+00:00,2020-05-29 10:41:40+00:00,2020-05-29 10:41:36.257000+00:00,618.0,229.0,497.0,-25.4114,120.649,-25.4091,120.649,107.364,35.8096,35.8096,-38.6,8.0
ch2_cla_l1_20200529T104140257_20200529T104148257.fits,2020-05-29 10:41:40+00:00,2020-05-29 10:41:48+00:00,2020-05-29 10:41:44.257000+00:00,565.0,237.0,406.0,-25.816,120.655,-25.8136,120.655,107.402,36.0743,36.0743,-38.6,8.0
ch2_cla_l1_20200529T104148257_20200529T104156257.fits,2020-05-29 10:41:48+00:00,2020-05-29 10:41:56+00:00,2020-05-29 10:41:52.257000+00:00,562.0,224.0,428.0,-26.2206,120.661,-26.2182,120.661,107.44,36.3412,36.3412,-38.5,8.0
ch2_cla_l1_20200529T104156257_20200529T104204257.fits,2020-05-29 10:41:56+00:00,2020-05-29 10:42:04+00:00,2020-05-29 10:42:00.257000+00:00,486.0,215.0,387.0,-26.6252,120.668,-26.6227,120.668,107.478,36.6103,36.6103,-38.4,8.0
ch2_cla_l1_20200529T104204257_20200529T104212257.fits,2020-05-29 10:42:04+00:00,2020-05-29 10:42:12+00:00,2020-05-29 10:42:08.257000+00:00,616.0,243.0,449.0,-27.0298,120.674,-27.0272,120.674,107.516,36.8816,36.8816,-38.4,8.0
ch2_cla_l1_20200529T104212257_20200529T104220257.fits,2020-05-29 10:42:12+00:00,2020-05-29 10:42:20+00:00,2020-05-29 10:42:16.257000+00:00,562.0,238.0,426.0,-27.4344,120.68,-27.4318,120.68,107.553,37.1549,37.1549,-38.3,8.0
ch2_cla_l1_20200529T104220257_20200529T104228257.fits,2020-05-29 10:42:20+00:00,2020-05-29 10:42:28+00:00,2020-05-29 10:42:24.257000+00:00,620.0,256.0,495.0,-27.8389,120.687,-27.8365,120.687,107.59,37.4302,37.4302,-38.3,8.0
ch2_cla_l1_20200529T104228257_20200529T104236257.fits,2020-05-29 10:42:28+00:00,2020-05-29 10:42:36+00:00,2020-05-29 10:42:32.257000+00:00,480.0,197.0,386.0,-28.2434,120.693,-28.241,120.693,107.627,37.7075,37.7075,-38.2,8.0
ch2_cla_l1_20200529T104236257_20200529T104244257.fits,2020-05-29 10:42:36+00:00,2020-05-29 10:42:44+00:00,2020-05-29 10:42:40.257000+00:00,529.0,230.0,395.0,-28.6479,120.7,-28.6455,120.7,107.664,37.9867,37.9867,-38.2,8.0
ch2_cla_l1_20200529T104244257_20200529T104252257.fits,2020-05-29 10:42:44+00:00,2020-05-29 10:42:52+00:00,2020-05-29 10:42:48.257000+00:00,584.0,249.0,439.0,-29.0524,120.706,-29.0501,120.706,107.701,38.2678,38.2678,-38.1,8.0
ch2_cla_l1_20200529T104252257_20200529T104300257.fits,2020-05-29 10:42:52+00:00,2020-05-29 10:43:00+00:00,2020-05-29 10:42:56.257000+00:00,641.0,250.0,510.0,-29.4569,120.713,-29.4545,120.713,107.737,38.5508,38.5508,-38.1,8.0
